recommendation_set_id,recommendation_names,unique_displayed_decision_paths,percent_of_path_output_memberships,valid_decision_equivalent_combinations,percent_of_valid_combinations,valid_combinations_per_displayed_path,primary_tasks,data_forms,display_levels,comparison_foci,comparison_structures,target_audiences,temporal_contexts,example_decision_path
RS005,Pie or doughnut chart | 100% stacked bar chart | Small-multiple composition bars,162,11.9,972,6.3,6.0,composition,classified_behaviour | composition,individual | multiple_observations | summary,conditions | groups | time,independent | paired_repeated,general,full_24h | not_applicable | wake_time,"Primary task: How is time divided across behaviours? | Form of accelerometer metric: Behaviour categories over time | Display level: One participant, day, or bout | Comparison: Study conditions or contexts (Different records) | Compositional parts: 2"
RS001,Observation-by-time heatmap | Small-multiple time-series plots,120,8.8,1920,12.5,16.0,temporal_pattern,continuous_signal | derived_metric,individual | multiple_observations | summary,conditions | groups | none | time,independent | not_applicable | paired_repeated,general | technical,full_24h | not_applicable | wake_time,"Primary task: When does it happen or change? | Form of accelerometer metric: Activity values over time | Display level: One participant, day, or bout | Comparison: Study conditions or contexts (Different records) | Temporal series intended for one panel: 1"
RS008,100% stacked bar chart | Small-multiple composition bars,108,8.0,648,4.2,6.0,composition,classified_behaviour | composition,individual | multiple_observations | summary,conditions | groups | time,independent | paired_repeated,technical,full_24h | not_applicable | wake_time,"Primary task: How is time divided across behaviours? | Form of accelerometer metric: Behaviour categories over time | Display level: One participant, day, or bout | Comparison: Study conditions or contexts (Different records) | Compositional parts: 2"
RS009,Box or violin plot with raw points | Faceted density or ECDF plot,108,8.0,648,4.2,6.0,distribution,classified_behaviour | composition | continuous_signal | derived_metric,individual | multiple_observations | summary,conditions | groups | time,independent | paired_repeated,general | technical,full_24h | not_applicable | wake_time,"Primary task: How spread out are the values? | Form of accelerometer metric: Behaviour categories over time | Display level: One participant, day, or bout | Comparison: Study conditions or contexts (Different records)"
RS002,Behaviour timeline (tile plot),60,4.4,1440,9.4,24.0,temporal_pattern,classified_behaviour | composition,individual,conditions | groups | none | time,independent | not_applicable | paired_repeated,general | technical,full_24h | not_applicable | wake_time,"Primary task: When does it happen or change? | Form of accelerometer metric: Behaviour categories over time | Display level: One participant, day, or bout | Comparison: Study conditions or contexts (Different records) | Temporal series intended for one panel: 1"
RS003,Behaviour-by-time heatmap,60,4.4,1440,9.4,24.0,temporal_pattern,classified_behaviour | composition,multiple_observations,conditions | groups | none | time,independent | not_applicable | paired_repeated,general | technical,full_24h | not_applicable | wake_time,"Primary task: When does it happen or change? | Form of accelerometer metric: Behaviour categories over time | Display level: Multiple participants, days, or bouts | Comparison: Study conditions or contexts (Different records) | Temporal series intended for one panel: 1"
RS004,Proportion-over-time profile | Stacked area profile,60,4.4,1440,9.4,24.0,temporal_pattern,classified_behaviour | composition,summary,conditions | groups | none | time,independent | not_applicable | paired_repeated,general | technical,full_24h | not_applicable | wake_time,Primary task: When does it happen or change? | Form of accelerometer metric: Behaviour categories over time | Display level: Group summaries only | Comparison: Study conditions or contexts (Different records) | Temporal series intended for one panel: 1
RS006,Observation-by-time heatmap,60,4.4,960,6.2,16.0,temporal_pattern,continuous_signal | derived_metric,individual | multiple_observations | summary,conditions | groups | none | time,independent | not_applicable | paired_repeated,general | technical,full_24h | not_applicable | wake_time,"Primary task: When does it happen or change? | Form of accelerometer metric: Activity values over time | Display level: One participant, day, or bout | Comparison: Study conditions or contexts (Different records) | Temporal series intended for one panel: 7"
RS007,Time-series line plot,60,4.4,720,4.7,12.0,temporal_pattern,continuous_signal | derived_metric,individual,conditions | groups | none | time,independent | not_applicable | paired_repeated,general | technical,full_24h | not_applicable | wake_time,"Primary task: When does it happen or change? | Form of accelerometer metric: Activity values over time | Display level: One participant, day, or bout | Comparison: Study conditions or contexts (Different records) | Temporal series intended for one panel: 1"
RS017,Summary time profile,60,4.4,360,2.3,6.0,temporal_pattern,continuous_signal | derived_metric,summary,conditions | groups | none | time,independent | not_applicable | paired_repeated,general | technical,full_24h | not_applicable | wake_time,Primary task: When does it happen or change? | Form of accelerometer metric: Activity values over time | Display level: Group summaries only | Comparison: Study conditions or contexts (Different records) | Temporal series intended for one panel: 1
RS018,Summary time profile with interval ribbon,60,4.4,360,2.3,6.0,temporal_pattern,continuous_signal | derived_metric,summary,conditions | groups | none | time,independent | not_applicable | paired_repeated,general | technical,full_24h | not_applicable | wake_time,Primary task: When does it happen or change? | Form of accelerometer metric: Activity values over time | Display level: Group summaries only | Comparison: Study conditions or contexts (Different records) | Temporal series intended for one panel: 1
RS019,100% stacked bar chart | Small-multiple composition bars | Ternary plot,54,4.0,324,2.1,6.0,composition,classified_behaviour | composition,individual | multiple_observations | summary,conditions | groups | time,independent | paired_repeated,technical,full_24h | not_applicable | wake_time,"Primary task: How is time divided across behaviours? | Form of accelerometer metric: Behaviour categories over time | Display level: One participant, day, or bout | Comparison: Study conditions or contexts (Different records) | Compositional parts: 3"
RS010,Event raster or time-bin heatmap,40,2.9,480,3.1,12.0,event_pattern,classified_behaviour | composition | continuous_signal | derived_metric,multiple_observations,conditions | groups | none | time,independent | not_applicable | paired_repeated,general | technical,full_24h | not_applicable | wake_time,"Primary task: When and how often do bouts or events occur? | Form of accelerometer metric: Behaviour categories over time | Display level: Multiple participants, days, or bouts | Comparison: Study conditions or contexts (Different records)"
RS011,Event timeline or raster plot,40,2.9,480,3.1,12.0,event_pattern,classified_behaviour | composition | continuous_signal | derived_metric,individual,conditions | groups | none | time,independent | not_applicable | paired_repeated,general | technical,full_24h | not_applicable | wake_time,"Primary task: When and how often do bouts or events occur? | Form of accelerometer metric: Behaviour categories over time | Display level: One participant, day, or bout | Comparison: Study conditions or contexts (Different records)"
RS012,Event-frequency time profile,40,2.9,480,3.1,12.0,event_pattern,classified_behaviour | composition | continuous_signal | derived_metric,summary,conditions | groups | none | time,independent | not_applicable | paired_repeated,general | technical,full_24h | not_applicable | wake_time,Primary task: When and how often do bouts or events occur? | Form of accelerometer metric: Behaviour categories over time | Display level: Group summaries only | Comparison: Study conditions or contexts (Different records)
RS013,Hexbin or two-dimensional density plot,40,2.9,480,3.1,12.0,relationship,continuous_signal | derived_metric,individual | multiple_observations,conditions | groups | none | time,independent | not_applicable | paired_repeated,general | technical,full_24h | not_applicable | wake_time,"Primary task: Do two measured variables vary together? | Form of accelerometer metric: Activity values over time | Display level: One participant, day, or bout | Comparison: Study conditions or contexts (Different records)"
RS014,Scatter plot,40,2.9,480,3.1,12.0,relationship,continuous_signal | derived_metric,individual | multiple_observations,conditions | groups | none | time,independent | not_applicable | paired_repeated,general | technical,full_24h | not_applicable | wake_time,"Primary task: Do two measured variables vary together? | Form of accelerometer metric: Activity values over time | Display level: One participant, day, or bout | Comparison: Study conditions or contexts (Different records)"
RS015,Paired dot plot or slope chart,36,2.7,432,2.8,12.0,compare_values,classified_behaviour | composition | continuous_signal | derived_metric,individual | multiple_observations | summary,conditions | groups | time,paired_repeated,general | technical,full_24h | not_applicable | wake_time,"Primary task: How much, how often, or how long, and does it differ? | Form of accelerometer metric: Behaviour categories over time | Display level: One participant, day, or bout | Comparison: Study conditions or contexts (Matched or repeated records) | Matched categories or time points: 2"
RS016,Repeated-measures line plot,36,2.7,432,2.8,12.0,compare_values,classified_behaviour | composition | continuous_signal | derived_metric,individual | multiple_observations | summary,conditions | groups | time,paired_repeated,general | technical,full_24h | not_applicable | wake_time,"Primary task: How much, how often, or how long, and does it differ? | Form of accelerometer metric: Behaviour categories over time | Display level: One participant, day, or bout | Comparison: Study conditions or contexts (Matched or repeated records) | Matched categories or time points: 3"
RS020,Dot plot with summary and interval | Box or violin plot with raw points,24,1.8,288,1.9,12.0,compare_values,classified_behaviour | composition | continuous_signal | derived_metric,individual | multiple_observations,conditions | groups | time,independent,general | technical,full_24h | not_applicable | wake_time,"Primary task: How much, how often, or how long, and does it differ? | Form of accelerometer metric: Behaviour categories over time | Display level: One participant, day, or bout | Comparison: Study conditions or contexts (Different records)"
RS021,Pie or doughnut chart | 100% stacked bar chart,18,1.3,108,0.7,6.0,composition,classified_behaviour | composition,individual | multiple_observations | summary,none,not_applicable,general,full_24h | not_applicable | wake_time,"Primary task: How is time divided across behaviours? | Form of accelerometer metric: Behaviour categories over time | Display level: One participant, day, or bout | Comparison: No direct comparison | Compositional parts: 2"
RS022,100% stacked bar chart,12,0.9,72,0.5,6.0,composition,classified_behaviour | composition,individual | multiple_observations | summary,none,not_applicable,technical,full_24h | not_applicable | wake_time,"Primary task: How is time divided across behaviours? | Form of accelerometer metric: Behaviour categories over time | Display level: One participant, day, or bout | Comparison: No direct comparison | Compositional parts: 2"
RS023,Histogram or density plot | Empirical cumulative distribution (ECDF),12,0.9,72,0.5,6.0,distribution,classified_behaviour | composition | continuous_signal | derived_metric,individual | multiple_observations | summary,none,not_applicable,general | technical,full_24h | not_applicable | wake_time,"Primary task: How spread out are the values? | Form of accelerometer metric: Behaviour categories over time | Display level: One participant, day, or bout | Comparison: No direct comparison"
RS024,Point-range plot | Bar chart,12,0.9,72,0.5,6.0,compare_values,classified_behaviour | composition | continuous_signal | derived_metric,summary,conditions | groups | time,independent,general | technical,full_24h | not_applicable | wake_time,"Primary task: How much, how often, or how long, and does it differ? | Form of accelerometer metric: Behaviour categories over time | Display level: Group summaries only | Comparison: Study conditions or contexts (Different records)"
RS025,Summary dot plot | Bar chart,12,0.9,72,0.5,6.0,compare_values,classified_behaviour | composition | continuous_signal | derived_metric,summary,conditions | groups | time,independent,general | technical,full_24h | not_applicable | wake_time,"Primary task: How much, how often, or how long, and does it differ? | Form of accelerometer metric: Behaviour categories over time | Display level: Group summaries only | Comparison: Study conditions or contexts (Different records)"
RS028,100% stacked bar chart | Ternary plot,6,0.4,36,0.2,6.0,composition,classified_behaviour | composition,individual | multiple_observations | summary,none,not_applicable,technical,full_24h | not_applicable | wake_time,"Primary task: How is time divided across behaviours? | Form of accelerometer metric: Behaviour categories over time | Display level: One participant, day, or bout | Comparison: No direct comparison | Compositional parts: 3"
RS026,Bar chart,4,0.3,48,0.3,12.0,compare_values,classified_behaviour | composition | continuous_signal | derived_metric,individual,none,not_applicable,general | technical,full_24h | not_applicable | wake_time,"Primary task: How much, how often, or how long, and does it differ? | Form of accelerometer metric: Behaviour categories over time | Display level: One participant, day, or bout | Comparison: No direct comparison"
RS027,Dot plot of observed values,4,0.3,48,0.3,12.0,compare_values,classified_behaviour | composition | continuous_signal | derived_metric,multiple_observations,none,not_applicable,general | technical,full_24h | not_applicable | wake_time,"Primary task: How much, how often, or how long, and does it differ? | Form of accelerometer metric: Behaviour categories over time | Display level: Multiple participants, days, or bouts | Comparison: No direct comparison"
RS029,Point-range plot,4,0.3,24,0.2,6.0,compare_values,classified_behaviour | composition | continuous_signal | derived_metric,summary,none,not_applicable,general | technical,full_24h | not_applicable | wake_time,"Primary task: How much, how often, or how long, and does it differ? | Form of accelerometer metric: Behaviour categories over time | Display level: Group summaries only | Comparison: No direct comparison"
RS030,Summary dot plot | Bar chart,4,0.3,24,0.2,6.0,compare_values,classified_behaviour | composition | continuous_signal | derived_metric,summary,none,not_applicable,general | technical,full_24h | not_applicable | wake_time,"Primary task: How much, how often, or how long, and does it differ? | Form of accelerometer metric: Behaviour categories over time | Display level: Group summaries only | Comparison: No direct comparison"
