sample,domain,level,metric,estimate,se,ci_low,ci_high,unweighted_n,weighted_n
Children/adolescents 6-19,sample,Children/adolescents 6-19,Weekday MIMS-units,17563.65404676611,164.85209088102687,17240.543948639297,17886.764144892924,3520,38464014.8829875
Children/adolescents 6-19,sample,Children/adolescents 6-19,Weekend-day MIMS-units,16681.63445378668,175.82460610431713,16337.018225822218,17026.250681751142,3520,38464014.8829875
Children/adolescents 6-19,sample,Children/adolescents 6-19,Weekday minus weekend MIMS-units,882.0195929794327,86.52580821773411,712.4290088726739,1051.6101770861915,3520,38464014.8829875
Children/adolescents 6-19,sample,Children/adolescents 6-19,Percent difference from weekday,4.217981938170117,0.5201171623954794,3.1985522998749767,5.237411576465257,3520,38464014.8829875
Adults 20+,sample,Adults 20+,Weekday MIMS-units,13893.204935761625,70.70803232463125,13754.617192405349,14031.792679117902,6611,142594053.1838385
Adults 20+,sample,Adults 20+,Weekend-day MIMS-units,13239.57524486517,85.19589404876015,13072.5912925296,13406.559197200739,6611,142594053.1838385
Adults 20+,sample,Adults 20+,Weekday minus weekend MIMS-units,653.6296908964564,55.41423232094508,545.017795547404,762.2415862455088,6611,142594053.1838385
Adults 20+,sample,Adults 20+,Percent difference from weekday,2.897615886918293,0.40454188197584273,2.1047137982456414,3.6905179755909447,6611,142594053.1838385
Children/adolescents 6-19,sex,Male,Weekday MIMS-units,17698.262060361034,195.2980766053746,17315.4778302145,18081.04629050757,1773,19547549.563199997
Children/adolescents 6-19,sex,Male,Weekend-day MIMS-units,16650.950770118125,217.04396835153068,16225.544592149125,17076.356948087127,1773,19547549.563199997
Children/adolescents 6-19,sex,Male,Weekday minus weekend MIMS-units,1047.3112902429111,127.14833061901025,798.100562229651,1296.5220182561711,1773,19547549.563199997
Children/adolescents 6-19,sex,Male,Percent difference from weekday,4.94170180948341,0.796137484987868,3.381272338907189,6.502131280059631,1773,19547549.563199997
Children/adolescents 6-19,sex,Female,Weekday MIMS-units,17424.555289526397,196.436435391124,17039.539876159793,17809.570702893,1747,18916465.319787502
Children/adolescents 6-19,sex,Female,Weekend-day MIMS-units,16713.341795362023,203.84166634891486,16313.81212931815,17112.871461405895,1747,18916465.319787502
Children/adolescents 6-19,sex,Female,Weekday minus weekend MIMS-units,711.2134941643719,99.2713254207712,516.6416963396604,905.7852919890835,1747,18916465.319787502
Children/adolescents 6-19,sex,Female,Percent difference from weekday,3.4701175874464663,0.5508596670651673,2.390432639998738,4.549802534894194,1747,18916465.319787502
Adults 20+,sex,Male,Weekday MIMS-units,13551.593948852727,112.06966617357179,13331.937403152526,13771.250494552929,3259,69337083.14867951
Adults 20+,sex,Male,Weekend-day MIMS-units,12695.670375697602,135.8816920593816,12429.342259261215,12961.99849213399,3259,69337083.14867951
Adults 20+,sex,Male,Weekday minus weekend MIMS-units,855.9235731551221,98.53976775441866,662.7856283564615,1049.0615179537826,3259,69337083.14867951
Adults 20+,sex,Male,Percent difference from weekday,4.060089941346056,0.7741417294836502,2.5427721515581014,5.57740773113401,3259,69337083.14867951
Adults 20+,sex,Female,Weekday MIMS-units,14216.536755142584,52.62329561914834,14113.395095729054,14319.678414556114,3352,73256970.035159
Adults 20+,sex,Female,Weekend-day MIMS-units,13754.376459279889,87.65886150884192,13582.565090722559,13926.187827837219,3352,73256970.035159
Adults 20+,sex,Female,Weekday minus weekend MIMS-units,462.16029586269457,69.58374247570697,325.7761606103089,598.5444311150802,3352,73256970.035159
Adults 20+,sex,Female,Percent difference from weekday,1.7973443341724447,0.4509743021709639,0.9134347019173554,2.681253966427534,3352,73256970.035159
Children/adolescents 6-19,age_group,12-19,Weekday MIMS-units,15366.463570035317,167.09383182235618,15038.9596596635,15693.967480407135,1636,20483056.149439998
Children/adolescents 6-19,age_group,12-19,Weekend-day MIMS-units,14499.777426469278,214.25786345619403,14079.832014095138,14919.722838843418,1636,20483056.149439998
Children/adolescents 6-19,age_group,12-19,Weekday minus weekend MIMS-units,866.6861435660389,142.7035987516741,586.9870900127578,1146.38519711932,1636,20483056.149439998
Children/adolescents 6-19,age_group,12-19,Percent difference from weekday,4.537562806187935,0.9404630409511681,2.694255245923646,6.380870366452225,1636,20483056.149439998
Children/adolescents 6-19,age_group,6-11,Weekday MIMS-units,20066.58932251003,149.5345316833463,19773.501640410672,20359.677004609388,1884,17980958.7335475
Children/adolescents 6-19,age_group,6-11,Weekend-day MIMS-units,19167.10259054467,148.45598571007633,18876.12885855292,19458.07632253642,1884,17980958.7335475
Children/adolescents 6-19,age_group,6-11,Weekday minus weekend MIMS-units,899.4867319653623,115.74987901103329,672.6169691037371,1126.3564948269875,1884,17980958.7335475
Children/adolescents 6-19,age_group,6-11,Percent difference from weekday,3.853930556878487,0.5622869087818707,2.7518482156660204,4.956012898090954,1884,17980958.7335475
Adults 20+,age_group,20-39,Weekday MIMS-units,14900.005017687909,109.8943712911974,14684.612049957163,15115.397985418655,2154,47041898.60650051
Adults 20+,age_group,20-39,Weekend-day MIMS-units,14273.133775178252,141.37952389168598,13996.029908350547,14550.237642005957,2154,47041898.60650051
Adults 20+,age_group,20-39,Weekday minus weekend MIMS-units,626.8712425096525,119.75953874680329,392.142546565918,861.5999384533869,2154,47041898.60650051
Adults 20+,age_group,20-39,Percent difference from weekday,1.936881241477709,0.8301095226599331,0.30986657706424015,3.5638959058911777,2154,47041898.60650051
Adults 20+,age_group,40-59,Weekday MIMS-units,14333.320751139961,106.41423363098869,14124.748853223224,14541.8926490567,2343,56785808.779239
Adults 20+,age_group,40-59,Weekend-day MIMS-units,13570.161532936218,86.60142059649867,13400.42274856708,13739.900317305355,2343,56785808.779239
Adults 20+,age_group,40-59,Weekday minus weekend MIMS-units,763.1592182037467,83.09248870260822,600.2979403466346,926.0204960608588,2343,56785808.779239
Adults 20+,age_group,40-59,Percent difference from weekday,3.2270892464363374,0.5885465736514184,2.0735379620795573,4.3806405307931175,2343,56785808.779239
Adults 20+,age_group,60+,Weekday MIMS-units,12026.789146132722,106.19064116090873,11818.65548945734,12234.922802808103,2114,38766345.798099
Adults 20+,age_group,60+,Weekend-day MIMS-units,11501.13010801098,141.14611509212605,11224.483722430414,11777.776493591547,2114,38766345.798099
Adults 20+,age_group,60+,Weekday minus weekend MIMS-units,525.6590381217446,71.6876645972246,385.15121551118443,666.1668607323048,2114,38766345.798099
Adults 20+,age_group,60+,Percent difference from weekday,3.5808211269752954,0.6083814472072667,2.3883934904490527,4.773248763501538,2114,38766345.798099
Children/adolescents 6-19,race_ethnicity,Non-Hispanic White,Weekday MIMS-units,17598.622732983997,263.15073163230943,17082.84729898467,18114.398166983323,841,20178837.248018
Children/adolescents 6-19,race_ethnicity,Non-Hispanic White,Weekend-day MIMS-units,16800.029809886444,266.50404443424924,16277.681882795316,17322.37773697757,841,20178837.248018
Children/adolescents 6-19,race_ethnicity,Non-Hispanic White,Weekday minus weekend MIMS-units,798.5929230975504,141.5744983039864,521.1069064217371,1076.0789397733638,841,20178837.248018
Children/adolescents 6-19,race_ethnicity,Non-Hispanic White,Percent difference from weekday,3.721187830363178,0.8381914484891724,2.0783325913243997,5.364043069401956,841,20178837.248018
Children/adolescents 6-19,race_ethnicity,Non-Hispanic Asian,Weekday MIMS-units,16151.159425282087,203.73728140655652,15751.834353725237,16550.484496838937,373,1818800.2070605
Children/adolescents 6-19,race_ethnicity,Non-Hispanic Asian,Weekend-day MIMS-units,14956.651531290321,247.2431894446682,14472.054879978772,15441.24818260187,373,1818800.2070605
Children/adolescents 6-19,race_ethnicity,Non-Hispanic Asian,Weekday minus weekend MIMS-units,1194.5078939917703,216.9494769308007,769.2869192074008,1619.7288687761397,373,1818800.2070605
Children/adolescents 6-19,race_ethnicity,Non-Hispanic Asian,Percent difference from weekday,6.46021018742286,1.3988103956599345,3.7185418119293887,9.201878562916331,373,1818800.2070605
Children/adolescents 6-19,race_ethnicity,Non-Hispanic Black,Weekday MIMS-units,17630.226268985814,179.40448272767733,17278.593482839566,17981.859055132063,956,5515308.79251
Children/adolescents 6-19,race_ethnicity,Non-Hispanic Black,Weekend-day MIMS-units,16687.855284398735,191.46592072787237,16312.582079772104,17063.128489025363,956,5515308.79251
Children/adolescents 6-19,race_ethnicity,Non-Hispanic Black,Weekday minus weekend MIMS-units,942.3709845870807,137.49750994536657,672.8758650941622,1211.866104079999,956,5515308.79251
Children/adolescents 6-19,race_ethnicity,Non-Hispanic Black,Percent difference from weekday,4.454408674834783,0.798233170885736,2.8898716598987404,6.018945689770825,956,5515308.79251
Children/adolescents 6-19,race_ethnicity,Other/multiracial,Weekday MIMS-units,17010.819709307387,348.1238436252016,16328.496975801992,17693.142442812783,201,1684951.7221775
Children/adolescents 6-19,race_ethnicity,Other/multiracial,Weekend-day MIMS-units,15857.468778070397,340.51943516514945,15190.050685146703,16524.88687099409,201,1684951.7221775
Children/adolescents 6-19,race_ethnicity,Other/multiracial,Weekday minus weekend MIMS-units,1153.3509312369924,331.0635208973555,504.4664302781757,1802.2354321958092,201,1684951.7221775
Children/adolescents 6-19,race_ethnicity,Other/multiracial,Percent difference from weekday,5.1058396489900835,2.52648478363452,0.1539294730664249,10.057749824913742,201,1684951.7221775
Children/adolescents 6-19,race_ethnicity,Mexican American,Weekday MIMS-units,17856.109562379697,262.39941385827314,17341.806711217483,18370.41241354191,784,6430190.7573785
Children/adolescents 6-19,race_ethnicity,Mexican American,Weekend-day MIMS-units,17004.852307631594,266.2072131583715,16483.086169841186,17526.618445422002,784,6430190.7573785
Children/adolescents 6-19,race_ethnicity,Mexican American,Weekday minus weekend MIMS-units,851.2572547481011,133.64230896153322,589.318329183496,1113.1961803127062,784,6430190.7573785
Children/adolescents 6-19,race_ethnicity,Mexican American,Percent difference from weekday,4.2819700330812625,0.7107500442436074,2.888899946363792,5.675040119798733,784,6430190.7573785
Children/adolescents 6-19,race_ethnicity,Other Hispanic,Weekday MIMS-units,17756.60904805333,248.82453437115115,17268.912960685873,18244.30513542079,365,2835926.155843
Children/adolescents 6-19,race_ethnicity,Other Hispanic,Weekend-day MIMS-units,16690.21570382269,253.48381309556396,16193.387430155386,17187.043977489997,365,2835926.155843
Children/adolescents 6-19,race_ethnicity,Other Hispanic,Weekday minus weekend MIMS-units,1066.3933442306386,162.8131172098293,747.2796344993732,1385.5070539619041,365,2835926.155843
Children/adolescents 6-19,race_ethnicity,Other Hispanic,Percent difference from weekday,5.182443845145987,0.9270412537744369,3.3654429877480907,6.999444702543883,365,2835926.155843
Adults 20+,race_ethnicity,Non-Hispanic White,Weekday MIMS-units,13396.073572171437,76.37976849988603,13246.369225911661,13545.777918431213,2687,96544481.1335705
Adults 20+,race_ethnicity,Non-Hispanic White,Weekend-day MIMS-units,12925.601123892182,94.88124933174852,12739.633875201955,13111.56837258241,2687,96544481.1335705
Adults 20+,race_ethnicity,Non-Hispanic White,Weekday minus weekend MIMS-units,470.472448279253,78.1542224847412,317.29017220916023,623.6547243493458,2687,96544481.1335705
Adults 20+,race_ethnicity,Non-Hispanic White,Percent difference from weekday,1.8698084769797025,0.5766852868971984,0.7395053146611936,3.0001116392982112,2687,96544481.1335705
Adults 20+,race_ethnicity,Non-Hispanic Asian,Weekday MIMS-units,13992.481364938787,186.63866174498335,13626.669587918619,14358.293141958955,803,6834749.1396274995
Adults 20+,race_ethnicity,Non-Hispanic Asian,Weekend-day MIMS-units,13702.630911084741,149.37511161131874,13409.855692326557,13995.406129842926,803,6834749.1396274995
Adults 20+,race_ethnicity,Non-Hispanic Asian,Weekday minus weekend MIMS-units,289.85045385404914,113.83532508389949,66.73321668960614,512.9676910184921,803,6834749.1396274995
Adults 20+,race_ethnicity,Non-Hispanic Asian,Percent difference from weekday,1.0388733506198458,0.8092830810189086,-0.547321488177215,2.625068189416907,803,6834749.1396274995
Adults 20+,race_ethnicity,Non-Hispanic Black,Weekday MIMS-units,14101.61221664175,132.9679914031654,13840.994953491545,14362.229479791955,1493,14965649.794398502
Adults 20+,race_ethnicity,Non-Hispanic Black,Weekend-day MIMS-units,13404.23776565477,118.82733455069673,13171.336189935406,13637.139341374135,1493,14965649.794398502
Adults 20+,race_ethnicity,Non-Hispanic Black,Weekday minus weekend MIMS-units,697.3744509869769,108.021536305596,485.6522398280087,909.096662145945,1493,14965649.794398502
Adults 20+,race_ethnicity,Non-Hispanic Black,Percent difference from weekday,3.244844194994605,0.7014902802068644,1.8699232457891506,4.619765144200059,1493,14965649.794398502
Adults 20+,race_ethnicity,Other/multiracial,Weekday MIMS-units,13799.089764692066,310.78267866799024,13189.955714502805,14408.223814881327,182,3618007.101495
Adults 20+,race_ethnicity,Other/multiracial,Weekend-day MIMS-units,13162.18554022866,360.43815978410936,12455.726747051805,13868.644333405515,182,3618007.101495
Adults 20+,race_ethnicity,Other/multiracial,Weekday minus weekend MIMS-units,636.9042244634054,223.07890426382357,199.6695721063112,1074.1388768204997,182,3618007.101495
Adults 20+,race_ethnicity,Other/multiracial,Percent difference from weekday,3.750743977399698,1.456548638930246,0.8959086450964158,6.60557930970298,182,3618007.101495
Adults 20+,race_ethnicity,Mexican American,Weekday MIMS-units,16369.91181714924,153.63630665847134,16068.784656098635,16671.038978199842,798,12038915.1727865
Adults 20+,race_ethnicity,Mexican American,Weekend-day MIMS-units,14315.385306604443,120.52193767204606,14079.162308767232,14551.608304441654,798,12038915.1727865
Adults 20+,race_ethnicity,Mexican American,Weekday minus weekend MIMS-units,2054.5265105447934,148.95180921227927,1762.580964488726,2346.472056600861,798,12038915.1727865
Adults 20+,race_ethnicity,Mexican American,Percent difference from weekday,10.30376699163888,0.8302420629419532,8.676492548272652,11.93104143500511,798,12038915.1727865
Adults 20+,race_ethnicity,Other Hispanic,Weekday MIMS-units,15606.545858770232,200.14191731218483,15214.26770083835,15998.824016702114,648,8592250.8419605
Adults 20+,race_ethnicity,Other Hispanic,Weekend-day MIMS-units,14637.547476890797,245.84668647158117,14155.687971406498,15119.406982375096,648,8592250.8419605
Adults 20+,race_ethnicity,Other Hispanic,Weekday minus weekend MIMS-units,968.9983818794344,124.42329544090303,725.1287228152645,1212.8680409436045,648,8592250.8419605
Adults 20+,race_ethnicity,Other Hispanic,Percent difference from weekday,4.583789470675173,0.8774133099440729,2.8640593831847903,6.303519558165556,648,8592250.8419605
Children/adolescents 6-19,income_poverty_category,1.30-3.49,Weekday MIMS-units,17337.168933142293,257.25718818414816,16832.944844301364,17841.393021983222,1083,13400384.76007
Children/adolescents 6-19,income_poverty_category,1.30-3.49,Weekend-day MIMS-units,16390.837398905856,275.456608497756,15850.942446250254,16930.73235156146,1083,13400384.76007
Children/adolescents 6-19,income_poverty_category,1.30-3.49,Weekday minus weekend MIMS-units,946.3315342364365,188.43894315109944,576.9912056602816,1315.6718628125914,1083,13400384.76007
Children/adolescents 6-19,income_poverty_category,1.30-3.49,Percent difference from weekday,4.408415497391041,1.0245150512812926,2.4003659968797075,6.4164649979023745,1083,13400384.76007
Children/adolescents 6-19,income_poverty_category,>=3.50,Weekday MIMS-units,17560.02801520339,223.71846652212244,17121.539820820028,17998.51620958675,644,9859744.946518999
Children/adolescents 6-19,income_poverty_category,>=3.50,Weekend-day MIMS-units,16728.310258530735,276.0891316720494,16187.175560453517,17269.444956607953,644,9859744.946518999
Children/adolescents 6-19,income_poverty_category,>=3.50,Weekday minus weekend MIMS-units,831.7177566726533,200.68801757003982,438.3692422353753,1225.0662711099312,644,9859744.946518999
Children/adolescents 6-19,income_poverty_category,>=3.50,Percent difference from weekday,3.9743847756608632,1.2203913384232365,1.5824177523513194,6.366351798970407,644,9859744.946518999
Children/adolescents 6-19,income_poverty_category,<1.30,Weekday MIMS-units,17846.791904687198,183.47552893774375,17487.17986796922,18206.403941405177,1564,13200950.115727
Children/adolescents 6-19,income_poverty_category,<1.30,Weekend-day MIMS-units,17074.166613827056,194.5884297541742,16692.773291508875,17455.559936145237,1564,13200950.115727
Children/adolescents 6-19,income_poverty_category,<1.30,Weekday minus weekend MIMS-units,772.6252908601354,127.28716577049076,523.1424459499735,1022.1081357702972,1564,13200950.115727
Children/adolescents 6-19,income_poverty_category,<1.30,Percent difference from weekday,3.7546140705040596,0.6947138185259515,2.3929749861931944,5.116253154814925,1564,13200950.115727
Adults 20+,income_poverty_category,1.30-3.49,Weekday MIMS-units,14020.99805654849,121.0330741199557,13783.773231273377,14258.222881823602,2172,47399335.121288
Adults 20+,income_poverty_category,1.30-3.49,Weekend-day MIMS-units,13087.286210441604,136.01263103913976,12820.70145360489,13353.870967278317,2172,47399335.121288
Adults 20+,income_poverty_category,1.30-3.49,Weekday minus weekend MIMS-units,933.7118461068866,89.27795808080793,758.727048268503,1108.6966439452701,2172,47399335.121288
Adults 20+,income_poverty_category,1.30-3.49,Percent difference from weekday,4.9032329948095335,0.7103087752337908,3.5110277953513034,6.2954381942677635,2172,47399335.121288
Adults 20+,income_poverty_category,>=3.50,Weekday MIMS-units,13409.277377449807,82.42754124983745,13247.719396600125,13570.83535829949,1972,57402185.292393
Adults 20+,income_poverty_category,>=3.50,Weekend-day MIMS-units,13146.508923257685,117.4917257842765,12916.225140720502,13376.792705794867,1972,57402185.292393
Adults 20+,income_poverty_category,>=3.50,Weekday minus weekend MIMS-units,262.7684541921246,106.16450768661772,54.68601912635384,470.85088925789535,1972,57402185.292393
Adults 20+,income_poverty_category,>=3.50,Percent difference from weekday,0.4274667943795845,0.7133831667662298,-0.970764212482226,1.825697801241395,1972,57402185.292393
Adults 20+,income_poverty_category,<1.30,Weekday MIMS-units,14462.655612560553,128.9601190570511,14209.893779208733,14715.417445912373,1985,29968777.7404055
Adults 20+,income_poverty_category,<1.30,Weekend-day MIMS-units,13578.51386319786,128.85041288225685,13325.967053948638,13831.060672447084,1985,29968777.7404055
Adults 20+,income_poverty_category,<1.30,Weekday minus weekend MIMS-units,884.1417493626903,110.19276891460933,668.163922290056,1100.1195764353247,1985,29968777.7404055
Adults 20+,income_poverty_category,<1.30,Percent difference from weekday,4.008446146685734,0.7274563565900619,2.5826316877692124,5.4342606056022555,1985,29968777.7404055
Adults 20+,education_adult,High school/GED,Weekday MIMS-units,14412.304898887236,159.66425796976444,14099.362953266498,14725.246844507974,1443,30076775.591605
Adults 20+,education_adult,High school/GED,Weekend-day MIMS-units,13364.452428726368,135.73355380159353,13098.414663275245,13630.490194177492,1443,30076775.591605
Adults 20+,education_adult,High school/GED,Weekday minus weekend MIMS-units,1047.8524701608644,125.27914742546237,802.3053412069581,1293.3995991147706,1443,30076775.591605
Adults 20+,education_adult,High school/GED,Percent difference from weekday,5.292835866937362,0.9782529233055076,3.375460137258567,7.210211596616157,1443,30076775.591605
Adults 20+,education_adult,Some college/AA,Weekday MIMS-units,13646.973166351348,116.05669668796352,13419.50204084294,13874.444291859758,2006,45144497.1625205
Adults 20+,education_adult,Some college/AA,Weekend-day MIMS-units,12969.968194433752,128.88565651428175,12717.35230766576,13222.584081201743,2006,45144497.1625205
Adults 20+,education_adult,Some college/AA,Weekday minus weekend MIMS-units,677.0049719175953,60.59538142796946,558.2380243187752,795.7719195164154,2006,45144497.1625205
Adults 20+,education_adult,Some college/AA,Percent difference from weekday,3.43718755182046,0.43754444445486157,2.5796004406889317,4.294774662951989,2006,45144497.1625205
Adults 20+,education_adult,College graduate or above,Weekday MIMS-units,13283.33142366502,90.87210946043369,13105.22208912257,13461.440758207471,1758,45718799.3841025
Adults 20+,education_adult,College graduate or above,Weekend-day MIMS-units,13199.033703440287,103.28405055968082,12996.596964343313,13401.470442537262,1758,45718799.3841025
Adults 20+,education_adult,College graduate or above,Weekday minus weekend MIMS-units,84.29772022473192,94.54451169506748,-101.00952269760036,269.6049631470642,1758,45718799.3841025
Adults 20+,education_adult,College graduate or above,Percent difference from weekday,-0.6226930909205345,0.6915552920443928,-1.9781414633275443,0.7327552814864754,1758,45718799.3841025
Adults 20+,education_adult,9-11th grade,Weekday MIMS-units,14718.627387185557,189.98293058343788,14346.260843242018,15090.993931129096,867,14806988.1276415
Adults 20+,education_adult,9-11th grade,Weekend-day MIMS-units,13808.11346056082,200.68744979765344,13414.766058957419,14201.460862164222,867,14806988.1276415
Adults 20+,education_adult,9-11th grade,Weekday minus weekend MIMS-units,910.5139266247355,166.02239531443487,585.1100318084432,1235.9178214410279,867,14806988.1276415
Adults 20+,education_adult,9-11th grade,Percent difference from weekday,4.065098601777869,1.117730467318545,1.8743468858335208,6.255850317722217,867,14806988.1276415
Adults 20+,education_adult,Less than 9th grade,Weekday MIMS-units,15520.715064180828,307.03699203509063,14918.92255979205,16122.507568569605,535,6824171.7378765
Adults 20+,education_adult,Less than 9th grade,Weekend-day MIMS-units,13495.661107785785,234.2718207940678,13036.488339029413,13954.833876542158,535,6824171.7378765
Adults 20+,education_adult,Less than 9th grade,Weekday minus weekend MIMS-units,2025.0539563950435,202.34100474162062,1628.465587101467,2421.64232568862,535,6824171.7378765
Adults 20+,education_adult,Less than 9th grade,Percent difference from weekday,9.856440857460726,0.9976428890143044,7.901060794992689,11.811820919928762,535,6824171.7378765
Adults 20+,marital_status_adult,Never married,Weekday MIMS-units,14277.433371116762,120.10061643315788,14042.036162907772,14512.830579325751,1282,25381347.221269004
Adults 20+,marital_status_adult,Never married,Weekend-day MIMS-units,13466.343533545665,148.3491763675357,13175.579147865295,13757.107919226035,1282,25381347.221269004
Adults 20+,marital_status_adult,Never married,Weekday minus weekend MIMS-units,811.0898375710988,157.31703385315697,502.7484512189111,1119.4312239232863,1282,25381347.221269004
Adults 20+,marital_status_adult,Never married,Percent difference from weekday,3.056562695695338,1.191531321132939,0.7211613062747775,5.391964085115898,1282,25381347.221269004
Adults 20+,marital_status_adult,Married,Weekday MIMS-units,13813.143464670911,94.93611053266272,13627.068688026893,13999.21824131493,3481,81552296.8306395
Adults 20+,marital_status_adult,Married,Weekend-day MIMS-units,13254.000571993249,104.4001685822821,13049.376241571976,13458.624902414522,3481,81552296.8306395
Adults 20+,marital_status_adult,Married,Weekday minus weekend MIMS-units,559.1428926776654,91.31275468477688,380.1698934955027,738.115891859828,3481,81552296.8306395
Adults 20+,marital_status_adult,Married,Percent difference from weekday,2.432454694164006,0.6289754120924108,1.199662886462881,3.6652465018651315,3481,81552296.8306395
Adults 20+,marital_status_adult,Widowed,Weekday MIMS-units,11687.504331788965,233.483005233698,11229.877641530917,12145.131022047013,459,7375702.989172
Adults 20+,marital_status_adult,Widowed,Weekend-day MIMS-units,11458.267710374059,281.1669883522196,10907.180413203709,12009.35500754441,459,7375702.989172
Adults 20+,marital_status_adult,Widowed,Weekday minus weekend MIMS-units,229.23662141490473,144.5052598797731,-53.99368794945053,512.46693077926,459,7375702.989172
Adults 20+,marital_status_adult,Widowed,Percent difference from weekday,1.3748866521128345,1.2155583565429027,-1.0076077267112549,3.7573810309369238,459,7375702.989172
Adults 20+,marital_status_adult,Living with partner,Weekday MIMS-units,15318.824842027838,212.48920979141357,14902.345990836668,15735.303693219008,475,9921676.826625999
Adults 20+,marital_status_adult,Living with partner,Weekend-day MIMS-units,14591.511108759016,242.82414779488644,14115.575779081038,15067.446438436993,475,9921676.826625999
Adults 20+,marital_status_adult,Living with partner,Weekday minus weekend MIMS-units,727.3137332688239,106.75327131887613,518.0773214838266,936.5501450538211,475,9921676.826625999
Adults 20+,marital_status_adult,Living with partner,Percent difference from weekday,3.028489579457123,0.722395745563196,1.6125939181532591,4.444385240760987,475,9921676.826625999
Adults 20+,marital_status_adult,Separated,Weekday MIMS-units,15516.956217470555,401.1712914891481,14730.660486151824,16303.251948789286,197,2917250.7519310005
Adults 20+,marital_status_adult,Separated,Weekend-day MIMS-units,14061.298271530239,373.1232225014203,13329.976755427455,14792.619787633022,197,2917250.7519310005
Adults 20+,marital_status_adult,Separated,Weekday minus weekend MIMS-units,1455.6579459403126,355.3670147374952,759.1385970548221,2152.177294825803,197,2917250.7519310005
Adults 20+,marital_status_adult,Separated,Percent difference from weekday,6.630627230228673,1.8488945669677466,3.00679387897189,10.254460581485457,197,2917250.7519310005
Adults 20+,marital_status_adult,Divorced,Weekday MIMS-units,13517.719106144654,190.74720176951107,13143.854590676412,13891.583621612896,715,15432842.0773785
Adults 20+,marital_status_adult,Divorced,Weekend-day MIMS-units,12619.85785690603,154.12771395096996,12317.76753756213,12921.94817624993,715,15432842.0773785
Adults 20+,marital_status_adult,Divorced,Weekday minus weekend MIMS-units,897.8612492386254,161.20701704071055,581.8954958388327,1213.827002638418,715,15432842.0773785
Adults 20+,marital_status_adult,Divorced,Percent difference from weekday,5.031454693004948,1.057115267112749,2.9595087694639597,7.103400616545936,715,15432842.0773785
Children/adolescents 6-19,bmi_status_for_sample,Healthy weight,Weekday MIMS-units,17821.588604788758,183.5605070353731,17461.810010999427,18181.36719857809,2093,23549799.498761497
Children/adolescents 6-19,bmi_status_for_sample,Healthy weight,Weekend-day MIMS-units,16915.032952494515,206.24931822938353,16510.784288764924,17319.281616224107,2093,23549799.498761497
Children/adolescents 6-19,bmi_status_for_sample,Healthy weight,Weekday minus weekend MIMS-units,906.5556522942385,120.13347868598875,671.0940340697006,1142.0172705187765,2093,23549799.498761497
Children/adolescents 6-19,bmi_status_for_sample,Healthy weight,Percent difference from weekday,4.292386766437834,0.7347836562142332,2.8522108002579367,5.732562732617731,2093,23549799.498761497
Children/adolescents 6-19,bmi_status_for_sample,Overweight,Weekday MIMS-units,17878.35597175227,194.98261058601045,17496.190055003688,18260.52188850085,573,5910516.4357845
Children/adolescents 6-19,bmi_status_for_sample,Overweight,Weekend-day MIMS-units,16924.414709167253,284.3419156655512,16367.104554462772,17481.724863871732,573,5910516.4357845
Children/adolescents 6-19,bmi_status_for_sample,Overweight,Weekday minus weekend MIMS-units,953.9412625850115,215.87631772231094,530.823679849282,1377.058845320741,573,5910516.4357845
Children/adolescents 6-19,bmi_status_for_sample,Overweight,Percent difference from weekday,4.59092315564735,1.2240267587685816,2.1918307084609303,6.99001560283377,573,5910516.4357845
Children/adolescents 6-19,bmi_status_for_sample,Obesity,Weekday MIMS-units,16775.007987253324,266.18632393417977,16253.282792342332,17296.733182164317,698,7242906.937196
Children/adolescents 6-19,bmi_status_for_sample,Obesity,Weekend-day MIMS-units,15916.891041714114,225.59982522759583,15474.715384268027,16359.066699160201,698,7242906.937196
Children/adolescents 6-19,bmi_status_for_sample,Obesity,Weekday minus weekend MIMS-units,858.1169455392117,169.5979589899612,525.7049459188877,1190.5289451595356,698,7242906.937196
Children/adolescents 6-19,bmi_status_for_sample,Obesity,Percent difference from weekday,4.194914064752045,1.077501807106244,2.0830105228238067,6.3068176066802835,698,7242906.937196
Children/adolescents 6-19,bmi_status_for_sample,Underweight,Weekday MIMS-units,16899.438591363087,818.0133356088251,15296.13245356979,18502.744729156384,122,1396385.6406230002
Children/adolescents 6-19,bmi_status_for_sample,Underweight,Weekend-day MIMS-units,16211.108146729312,933.184204339124,14382.06710622463,18040.149187233994,122,1396385.6406230002
Children/adolescents 6-19,bmi_status_for_sample,Underweight,Weekday minus weekend MIMS-units,688.3304446337779,301.42548281698333,97.53649831249061,1279.1243909550653,122,1396385.6406230002
Children/adolescents 6-19,bmi_status_for_sample,Underweight,Percent difference from weekday,3.6228542367589323,2.2047752940923426,-0.6985053396620589,7.944213813179923,122,1396385.6406230002
Adults 20+,bmi_status_for_sample,Healthy weight,Weekday MIMS-units,14408.343063462975,123.45644198546282,14166.368437171468,14650.317689754482,1888,39481234.3614995
Adults 20+,bmi_status_for_sample,Healthy weight,Weekend-day MIMS-units,13989.35140735727,169.56532746591873,13657.00336552407,14321.69944919047,1888,39481234.3614995
Adults 20+,bmi_status_for_sample,Healthy weight,Weekday minus weekend MIMS-units,418.99165610570753,119.20590186147011,185.3480884572261,652.6352237541889,1888,39481234.3614995
Adults 20+,bmi_status_for_sample,Healthy weight,Percent difference from weekday,0.9002001024089321,0.8851600686414622,-0.8347136321283339,2.635113836946198,1888,39481234.3614995
Adults 20+,bmi_status_for_sample,Overweight,Weekday MIMS-units,14023.955453519464,130.51175800005865,13768.152407839349,14279.75849919958,2164,48170486.054350495
Adults 20+,bmi_status_for_sample,Overweight,Weekend-day MIMS-units,13278.707523611272,121.05618549297543,13041.43740004504,13515.977647177504,2164,48170486.054350495
Adults 20+,bmi_status_for_sample,Overweight,Weekday minus weekend MIMS-units,745.2479299081929,94.60779250177053,559.8166566047227,930.6792032116631,2164,48170486.054350495
Adults 20+,bmi_status_for_sample,Overweight,Percent difference from weekday,3.2978934480281157,0.6841639268769253,1.956932151349342,4.638854744706889,2164,48170486.054350495
Adults 20+,bmi_status_for_sample,Obesity,Weekday MIMS-units,13418.20507931393,105.84238475211973,13210.754005199775,13625.656153428085,2428,52651623.9161565
Adults 20+,bmi_status_for_sample,Obesity,Weekend-day MIMS-units,12656.22025105369,99.96368347966617,12460.291431433545,12852.149070673835,2428,52651623.9161565
Adults 20+,bmi_status_for_sample,Obesity,Weekday minus weekend MIMS-units,761.984828260239,51.75203132088182,660.5508468713107,863.4188096491674,2428,52651623.9161565
Adults 20+,bmi_status_for_sample,Obesity,Percent difference from weekday,4.114564149268114,0.3813556350920788,3.3671071044876397,4.862021194048588,2428,52651623.9161565
Adults 20+,bmi_status_for_sample,Underweight,Weekday MIMS-units,13054.373847209292,415.9372847779719,12239.136769044468,13869.610925374116,109,1985139.857654
Adults 20+,bmi_status_for_sample,Underweight,Weekend-day MIMS-units,12933.812099259263,508.9998354006042,11936.172421874078,13931.451776644448,109,1985139.857654
Adults 20+,bmi_status_for_sample,Underweight,Weekday minus weekend MIMS-units,120.56174795003207,295.0726095349612,-457.78056673849187,698.9040626385561,109,1985139.857654
Adults 20+,bmi_status_for_sample,Underweight,Percent difference from weekday,-0.3115792715540997,2.322101190266788,-4.862897604477004,4.239739061368805,109,1985139.857654
